<?xml version="1.0" encoding="UTF-8" ?>
<AnalyseDoc xmlns:xsi="http://www.w3.org/2001/XMLSchema-instance" xsi:noNamespaceSchemaLocation="./AnalyseDoc.xsd">
    <SearchText doSearch="false" matchCase="true" select="text" bgColor="red">[ERR]</SearchText>
    <SearchText doSearch="false" matchCase="true" select="text" color="orange" bgColor="veryLiteGrey">timer stoped</SearchText>
    <SearchText searchType="regex" matchCase="true" select="text" color="#004040" bgColor="yellow">\b(contextualActionButton|(PlayState is changed.*))\b|(setPlayState.*with state.*)</SearchText>
    <SearchText matchCase="true" select="text" color="red" bgColor="#95e4ff">: success:[false]</SearchText>
    <SearchText matchCase="true" select="text" color="darkGreen" bgColor="#9de7ff">: success:[true]</SearchText>
    <SearchText matchCase="true" wholeWord="true" select="text" color="pink" bgColor="liteGrey">ContextualActionLinkReadyEvent</SearchText>
    <SearchText matchCase="true" select="text" bgColor="liteRed">Replacement filter set</SearchText>
    <SearchText doSearch="false" matchCase="true" select="text" color="blue">[HttpRequest]</SearchText>
    <SearchText searchType="regex" matchCase="true" select="text" color="green" bgColor="darkGrey">SCOPED TRACE.*$</SearchText>
    <SearchText searchType="regex" matchCase="true" select="text" color="white" bgColor="red">NoAudioNetworkFailure|UnavailableContent|FaultEventTypes|(CRI is null)|(Attempting to post API fault)</SearchText>
    <SearchText searchType="regex" matchCase="true" wholeWord="true" select="text" color="pink">Phoebe Rewrite.*</SearchText>
    <SearchText searchType="regex" matchCase="true" select="text" color="purple">tunedItem.*\d+</SearchText>
    <SearchText doSearch="false" searchType="regex" matchCase="true" select="text" color="red">\b(FAILED|sxedlCheckError)\b</SearchText>
    <SearchText matchCase="true" select="text" color="red" bgColor="darkYellow">Slow Network Connection</SearchText>
    <SearchText doSearch="false" searchType="regex" matchCase="true" wholeWord="true" select="text" bgColor="veryLitePurple">\[SXeDL\].*\bREQUEST.*$</SearchText>
    <SearchText doSearch="false" searchType="regex" select="text" bgColor="veryLiteBlue">\[HttpRequest\].*Endpoint \= &apos;/[\w/\-:]+&apos;</SearchText>
    <SearchText doSearch="false" searchType="regex" select="text" bgColor="veryLiteBlue">Endpoint \: \[[\w/]+\]</SearchText>
    <SearchText select="text" color="offWhite" bgColor="darkGreen">newAudioSource</SearchText>
    <SearchText searchType="regex" matchCase="true" select="text" color="offWhite" bgColor="brown">(isBackground\=)|(Starting to sleep)|(When I set the app to wakeup)|(Starting to wake up from hibernation)|(audioMode is)|(audioSource.*)</SearchText>
    <SearchText searchType="regex" select="text" color="brown" bgColor="darkYellow">((tune request)|(requestTune\(\))|(Tune started.*\d+)|(statusTuneStarted))|(Tuning to channel on.*$)|(CRI change detected)|(Set CRI for tune)</SearchText>
    <SearchText matchCase="true" wholeWord="true" select="text" color="white" bgColor="#008080">setCRIForIpTune</SearchText>
    <SearchText searchType="regex" matchCase="true" select="text" color="cyan" bgColor="darkBlue">SatIpIndicatorChange.*</SearchText>
    <SearchText matchCase="true" select="text" color="orange" bgColor="yellow">Signal availability changed</SearchText>
    <SearchText searchType="regex" matchCase="true" select="text" color="darkRed" bgColor="#5353ff">\b(ErrorState|SignalNotAvailable|(tune.*failed)|(Received SatTuneStatus\-&gt;status\(\) not as TuneSucceed))\b|(capturing event: isTuned: 0)</SearchText>
    <SearchText searchType="regex" matchCase="true" select="text" color="white" bgColor="purple">TuneRequestEvent|TuneDoneEvent|TuneRequestStartedEvent|tuneToLastChannel|getTuneRequest\(\)</SearchText>
    <SearchText matchCase="true" wholeWord="true" select="text" color="white" bgColor="litePink">setAutoPlayEnabled</SearchText>
    <SearchText searchType="regex" matchCase="true" wholeWord="true" select="text" color="blue" bgColor="cyan">\b(tuneSAT|tuneIp)\b</SearchText>
    <SearchText searchType="regex" matchCase="true" select="text" color="darkGreen" bgColor="liteGreen">(\b(statusTuneSucceed|isCurrentlyPlaying|TuningSuccessful)\b)|(Tuned to \d+.*)|(capturing event: isTuned: 1)</SearchText>
</AnalyseDoc>
